subgroup,maternal_deaths,live_births,maternal_mortality_rate,total_births,tot_births_ratio
25-39 years,48618.0,236637304.0,20.54536591576449,236685922.0,0.7436708300665406
40 years and over,10042.0,12236041.0,82.06902869972403,12246083.0,0.03847738231627376
Under 25 years,9578.0,69325468.0,13.815990394756513,69335046.0,0.21785178761718568
Total,68238.0,318198813.0,21.445083140520705,318267051.0,1.0
