death_month,maternal_deaths,live_births,maternal_mortality_rate
1,915,1122907,81.48493152148842
2,909,1125201,80.78556631215223
3,901,1127554,79.90748114946157
4,821,975234,84.18492382341059
5,819,977502,83.78499481330985
6,814,979832,83.07546599825275
7,812,982701,82.62940609605567
8,805,984427,81.77345806240585
9,811,986725,82.19108667561885
10,809,989248,81.77929093614543
11,812,991067,81.9318976416327
12,814,993643,81.92077033703252
